<?xml version="1.0" encoding="UTF-8"?>
<gesmes:Envelope xmlns:gesmes="http://www.gesmes.org/xml/2002-08-01" xmlns="http://www.ecb.int/vocabulary/2002-08-01/eurofxref">
	<gesmes:subject>Reference rates</gesmes:subject>
	<gesmes:Sender>
		<gesmes:name>European Central Bank</gesmes:name>
	</gesmes:Sender>
	<Cube>
		<Cube time='2013-12-04'>
			<Cube currency='USD' rate='1.3592'/>
			<Cube currency='JPY' rate='139.31'/>
			<Cube currency='BGN' rate='1.9558'/>
			<Cube currency='CZK' rate='27.458'/>
			<Cube currency='DKK' rate='7.4594'/>
			<Cube currency='GBP' rate='0.83000'/>
			<Cube currency='HUF' rate='302.49'/>
			<Cube currency='LTL' rate='3.4528'/>
			<Cube currency='LVL' rate='0.7026'/>
			<Cube currency='PLN' rate='4.1983'/>
			<Cube currency='RON' rate='4.4721'/>
			<Cube currency='SEK' rate='8.8382'/>
			<Cube currency='CHF' rate='1.2268'/>
			<Cube currency='NOK' rate='8.3105'/>
			<Cube currency='HRK' rate='7.6410'/>
			<Cube currency='RUB' rate='45.0345'/>
			<Cube currency='TRY' rate='2.7809'/>
			<Cube currency='AUD' rate='1.5046'/>
			<Cube currency='BRL' rate='3.2274'/>
			<Cube currency='CAD' rate='1.4484'/>
			<Cube currency='CNY' rate='8.2789'/>
			<Cube currency='HKD' rate='10.5384'/>
			<Cube currency='IDR' rate='16174.91'/>
			<Cube currency='ILS' rate='4.7883'/>
			<Cube currency='INR' rate='84.2080'/>
			<Cube currency='KRW' rate='1442.72'/>
			<Cube currency='MXN' rate='17.8511'/>
			<Cube currency='MYR' rate='4.3834'/>
			<Cube currency='NZD' rate='1.6585'/>
			<Cube currency='PHP' rate='59.665'/>
			<Cube currency='SGD' rate='1.7044'/>
			<Cube currency='THB' rate='43.826'/>
			<Cube currency='ZAR' rate='14.1267'/>
		</Cube>
	</Cube>
</gesmes:Envelope>