{"template_color":"1","default_layout":"default","layout_override":"","template_width":"1900","tablet_width":"1240","tablet_small_width":"840","mobile_width":"640","sidebar_position":"right","sidebar_width":"33.333333","sidebar_width_for_pages":"","rwd":"1","grid_image_height":"800","grid_image_height_desktop":"640","grid_image_height_tablet":"480","grid_image_height_small_tablet":"320","grid_image_height_mobile":"240","featured_image_height":"800","featured_image_height_desktop":"640","featured_image_height_tablet":"480","featured_image_height_small_tablet":"320","featured_image_height_mobile":"240","font_name_group1":"google;own;\/\/fonts.googleapis.com\/css?family=Josefin+Sans:300,400,600,700;Josefin Sans","font_rules_group1":"body,\r\nbutton,\r\n.button,\r\ninput,\r\nselect,\r\ntextarea","font_name_group2":"standard;Arial, Helvetica, sans-serif","font_rules_group2":".blank","font_name_group3":"standard;Arial, Helvetica, sans-serif","font_rules_group3":".blank","font_name_group4":"standard;Arial, Helvetica, sans-serif","font_rules_group4":".blank","login_url":"","logo_image":"","logo_image_header":"","logo_text":"Photo","logo_slogan":"Architecture portfolio","logo_override_type":"all","logo_for_pages":"","print_logo":"","print_behaviour":"nothing","favicon_image":"","touch_image":"","stylearea":"1","webmaster_contact_type":"email","webmaster_contact":"webmaster@gavick.com","typography":"1","google_analytics":"","mootools_for_pages":"","suffix_override":"640=frontpage no-mainbody\r\n1071=full-width\r\n1072=full-width\r\n1070=no-full-width\r\n127=narrow-width\r\n","show_menu":"1","menu_name":"mainmenu","startlevel":"0","endlevel":"-1","moduleid_override":"","fb_api_id":"","fb_lang":"en_US","fb_login":"0","fb_like":"1","fb_like_send":"0","fb_like_layout":"box_count","fb_like_show_faces":"true","fb_like_width":"400","fb_like_action":"like","fb_like_font":"arial","fb_like_colorscheme":"light","google_plus":"1","google_plus_count":"1","google_plus_size":"tall","google_plus_lang":"en-GB","google_plus_share":"0","google_plus_share_annotation":"none","google_plus_share_size":"24","tweet_btn":"1","tweet_btn_data_count":"vertical","tweet_btn_data_via":"","tweet_btn_data_lang":"en","pinterest_btn":"0","pinterest_btn_style":"horizontal","excluded_arts":"123","excluded_cats":["7"],"cookie_consent":"0","consenttype":"explicit","cookie_latest_version":"0","cookie_use_ssl":"0","banner_position":"bottom","banner_tag_placement":"bottom-right","cookie_style":"light","refreshOnConsent":"0","cookiecss":"1","use_gk_cache":"0","css_cache":"0","css_compression":"0","css_override":"0","css_prefixer":"0","js_compression":"0","jscss_excluded":"","css_custom":""}